2054,2054,2054,2054,2054,2054,2054,2054,2054,2054,2054,2054,2054,2054,2054,2054,2054,2054,2054,2054,2054,2054,2054,2054,2054,2054,2054,2054,2054,2054,2054,2054,2054,2054,2054,2054,2054,2054,2054,2054,2054,2054,2054,2054,2054,2054,2054,2054,2054,2054,2054,2054,2054,2054,2054,2054,2054,2054,2054,2054,2054,2054,2054,2054,2054,2054,2054,2054,2054,2054,2054,2054,2054,2054,2054,2054,2054,2054,2054,2054,2054,2054,2054,2054,2054,2054,2054,2054,2054,2054,2054,2054,2054,2054,2054,2054,2054,2054,2054,2054
2054,-1,-1,-1,-1,-1,-1,-1,-1,-1,-1,-1,-1,-1,-1,-1,-1,-1,-1,-1,-1,-1,-1,-1,-1,2054,2054,2054,2054,2054,2054,-1,2054,2054,2054,2054,2054,-1,2054,2054,-1,-1,-1,-1,-1,-1,-1,-1,-1,-1,-1,-1,-1,-1,-1,-1,2054,2054,2054,2054,2054,2054,2054,2054,2054,2054,2054,-1,-1,2054,2054,2054,2054,-1,-1,-1,-1,-1,-1,-1,-1,-1,-1,-1,-1,-1,-1,-1,-1,-1,-1,-1,-1,-1,-1,-1,-1,-1,-1,2054
2054,-1,-1,-1,-1,-1,-1,-1,-1,-1,-1,-1,-1,-1,-1,-1,-1,-1,-1,-1,-1,-1,-1,-1,-1,2054,-1,-1,-1,-1,2054,2054,2054,-1,-1,-1,2054,2054,2054,2054,-1,-1,-1,-1,-1,-1,-1,-1,-1,-1,-1,-1,-1,-1,-1,-1,2054,2054,2054,2054,2054,2054,2054,2054,2054,2054,2054,-1,-1,2054,2054,2054,2054,-1,-1,-1,-1,-1,-1,-1,-1,-1,-1,-1,-1,-1,-1,-1,-1,-1,-1,-1,-1,-1,-1,-1,-1,-1,-1,2054
2054,-1,-1,2054,2054,2054,2054,2054,2054,2054,2054,-1,2054,2054,2054,2054,2054,2054,2054,2054,2054,2054,2054,2054,2054,2054,-1,-1,-1,-1,-1,2054,2054,-1,-1,-1,-1,-1,2054,2054,-1,-1,-1,-1,-1,-1,-1,-1,-1,-1,-1,-1,-1,-1,-1,-1,-1,-1,-1,-1,-1,-1,-1,-1,2054,-1,-1,-1,-1,2054,2054,2054,2054,-1,-1,-1,-1,-1,-1,-1,-1,-1,-1,-1,-1,-1,-1,-1,-1,-1,-1,-1,-1,-1,-1,-1,-1,-1,-1,2054
2054,-1,-1,2054,-1,-1,-1,-1,-1,-1,2054,-1,-1,-1,-1,-1,2054,-1,-1,-1,-1,-1,-1,-1,-1,-1,2054,-1,-1,-1,-1,-1,2054,2054,-1,-1,-1,-1,2054,2054,-1,-1,-1,-1,-1,-1,2054,-1,-1,-1,-1,2054,2054,2054,-1,-1,-1,-1,-1,-1,-1,-1,-1,-1,2054,-1,-1,-1,-1,2054,2054,2054,2054,-1,-1,-1,-1,-1,-1,-1,-1,-1,-1,-1,-1,-1,-1,-1,-1,-1,-1,-1,-1,-1,-1,-1,-1,-1,-1,2054
2054,-1,-1,2054,-1,-1,-1,-1,-1,-1,2054,2054,2054,-1,-1,-1,2054,-1,-1,-1,-1,-1,-1,-1,-1,-1,2054,-1,-1,-1,-1,-1,-1,-1,2054,2054,2054,2054,2054,2054,2054,2054,2054,2054,2054,-1,2054,-1,-1,-1,-1,2054,2054,2054,-1,-1,-1,-1,-1,-1,-1,-1,-1,-1,-1,-1,-1,-1,-1,2054,2054,2054,2054,-1,-1,-1,-1,-1,-1,-1,-1,-1,-1,-1,-1,-1,-1,-1,-1,-1,-1,-1,-1,-1,-1,-1,-1,-1,-1,2054
2054,-1,-1,2054,-1,-1,-1,-1,-1,-1,2054,-1,-1,-1,-1,-1,2054,-1,-1,-1,-1,-1,-1,-1,-1,-1,-1,-1,-1,-1,-1,-1,-1,-1,2054,2054,2054,2054,2054,2054,2054,2054,2054,2054,2054,2054,-1,-1,-1,-1,-1,-1,-1,-1,-1,-1,-1,-1,-1,-1,-1,-1,-1,-1,-1,-1,-1,-1,2054,2054,2054,2054,2054,-1,-1,-1,-1,-1,-1,-1,-1,-1,-1,-1,-1,-1,-1,-1,-1,-1,-1,-1,-1,-1,-1,-1,-1,-1,-1,2054
2054,-1,-1,2054,-1,-1,-1,-1,-1,-1,2054,-1,-1,-1,-1,-1,2054,-1,-1,-1,-1,-1,-1,-1,-1,-1,-1,-1,-1,-1,-1,-1,-1,-1,2054,-1,-1,-1,-1,-1,-1,-1,-1,-1,-1,2054,2054,2054,2054,2054,2054,-1,-1,-1,-1,-1,-1,-1,-1,-1,-1,-1,-1,-1,-1,-1,-1,-1,-1,2054,2054,2054,2054,-1,-1,-1,-1,-1,-1,-1,-1,-1,-1,-1,-1,-1,-1,-1,-1,-1,-1,-1,-1,-1,-1,-1,-1,-1,-1,2054
2054,-1,-1,2054,-1,-1,-1,-1,-1,-1,2054,-1,-1,-1,-1,-1,2054,-1,-1,-1,-1,-1,-1,-1,-1,-1,-1,-1,-1,-1,-1,-1,2054,2054,2054,-1,-1,-1,-1,-1,-1,-1,-1,-1,-1,2054,2054,2054,2054,2054,2054,2054,-1,-1,-1,-1,-1,-1,-1,-1,-1,-1,-1,-1,-1,-1,-1,-1,-1,-1,2054,-1,-1,2054,-1,-1,-1,-1,-1,-1,-1,-1,-1,-1,-1,-1,-1,-1,-1,-1,-1,-1,-1,-1,-1,-1,-1,-1,-1,2054
2054,-1,-1,2054,-1,-1,-1,-1,-1,-1,2054,-1,-1,-1,-1,-1,2054,-1,-1,-1,-1,-1,-1,-1,-1,-1,-1,-1,-1,-1,-1,-1,2054,2054,2054,2054,-1,-1,-1,-1,-1,-1,-1,-1,-1,-1,-1,-1,-1,-1,-1,2054,2054,2054,2054,2054,2054,2054,2054,-1,-1,-1,-1,-1,-1,-1,-1,-1,-1,-1,-1,-1,-1,2054,2054,2054,2054,2054,2054,2054,2054,2054,-1,-1,-1,-1,-1,-1,-1,-1,-1,-1,-1,-1,-1,-1,-1,-1,-1,2054
2054,-1,-1,2054,-1,-1,-1,-1,-1,-1,2054,2054,2054,-1,2054,2054,2054,-1,-1,-1,-1,-1,-1,-1,-1,-1,-1,-1,-1,-1,-1,-1,2054,-1,-1,2054,-1,-1,-1,-1,-1,-1,-1,-1,-1,-1,-1,-1,-1,-1,-1,2054,2054,2054,2054,2054,2054,2054,2054,-1,-1,-1,-1,-1,-1,-1,-1,-1,-1,-1,-1,-1,-1,2054,2054,2054,2054,2054,2054,2054,2054,2054,-1,-1,-1,-1,-1,-1,-1,-1,-1,-1,-1,-1,-1,-1,-1,-1,-1,2054
2054,-1,-1,2054,-1,-1,-1,-1,-1,-1,-1,-1,-1,-1,-1,-1,-1,-1,-1,-1,-1,-1,-1,-1,-1,-1,-1,-1,-1,-1,-1,-1,2054,-1,-1,-1,-1,-1,-1,-1,-1,-1,-1,-1,-1,-1,-1,-1,-1,-1,-1,-1,-1,-1,-1,2054,-1,-1,2054,2054,2054,-1,-1,-1,-1,-1,-1,-1,-1,-1,-1,-1,-1,2054,2054,2054,2054,2054,2054,2054,2054,2054,-1,-1,-1,-1,-1,-1,-1,-1,-1,-1,-1,-1,-1,-1,-1,-1,-1,2054
2054,-1,-1,2054,-1,-1,-1,-1,-1,-1,-1,-1,-1,-1,-1,-1,-1,-1,-1,-1,-1,-1,-1,-1,-1,-1,-1,-1,-1,-1,-1,-1,2054,2054,2054,2054,-1,-1,-1,-1,-1,-1,-1,-1,-1,-1,-1,-1,-1,-1,-1,-1,-1,-1,-1,2054,2054,2054,-1,-1,2054,-1,-1,-1,-1,-1,-1,-1,-1,-1,-1,-1,-1,2054,2054,2054,2054,2054,2054,2054,2054,2054,-1,-1,-1,-1,-1,-1,-1,-1,-1,-1,-1,-1,-1,-1,-1,-1,-1,2054
2054,-1,-1,2054,-1,-1,-1,-1,-1,-1,-1,-1,-1,-1,-1,-1,-1,-1,-1,-1,-1,-1,-1,-1,-1,-1,-1,-1,-1,-1,-1,-1,2054,-1,-1,-1,-1,-1,-1,-1,-1,-1,-1,-1,-1,-1,-1,-1,-1,-1,-1,-1,-1,-1,-1,-1,-1,2054,-1,-1,2054,-1,-1,-1,-1,-1,-1,-1,-1,-1,-1,-1,-1,2054,2054,2054,2054,2054,2054,2054,2054,2054,-1,-1,-1,-1,-1,-1,-1,-1,-1,-1,-1,-1,-1,-1,-1,-1,-1,2054
2054,-1,-1,2054,-1,-1,-1,-1,-1,-1,-1,-1,-1,-1,-1,-1,-1,-1,-1,-1,-1,-1,-1,-1,-1,-1,-1,-1,-1,-1,-1,-1,2054,-1,-1,-1,-1,-1,-1,-1,-1,-1,-1,-1,-1,-1,-1,-1,-1,-1,-1,-1,-1,-1,-1,-1,-1,2054,2054,2054,2054,2054,-1,-1,-1,-1,-1,-1,-1,-1,-1,-1,-1,2054,2054,2054,2054,2054,2054,2054,2054,2054,-1,-1,-1,-1,-1,-1,-1,-1,-1,-1,-1,-1,-1,-1,-1,-1,-1,2054
2054,-1,-1,2054,-1,-1,-1,-1,-1,-1,-1,-1,-1,-1,-1,-1,-1,-1,-1,-1,-1,-1,-1,-1,-1,-1,-1,-1,-1,-1,-1,-1,2054,-1,-1,-1,-1,-1,-1,-1,-1,-1,-1,-1,-1,-1,-1,-1,-1,-1,-1,-1,-1,-1,-1,-1,-1,-1,-1,-1,-1,2054,2054,-1,-1,-1,-1,-1,-1,-1,-1,-1,-1,-1,-1,-1,-1,-1,2054,-1,-1,2054,-1,-1,-1,-1,-1,-1,-1,-1,-1,-1,-1,-1,-1,-1,-1,-1,-1,2054
2054,-1,-1,2054,-1,-1,-1,-1,-1,-1,-1,-1,-1,-1,-1,-1,-1,-1,-1,-1,-1,-1,-1,-1,-1,-1,-1,-1,-1,-1,-1,-1,2054,-1,-1,-1,-1,-1,-1,-1,-1,-1,-1,-1,-1,-1,-1,-1,-1,-1,-1,-1,-1,-1,-1,-1,-1,-1,-1,-1,-1,2054,2054,-1,-1,-1,-1,-1,-1,-1,-1,-1,-1,-1,-1,-1,-1,-1,2054,-1,-1,2054,-1,-1,-1,-1,-1,-1,-1,-1,-1,-1,-1,-1,-1,-1,-1,-1,-1,2054
2054,-1,-1,2054,-1,-1,-1,-1,-1,-1,-1,-1,-1,-1,-1,-1,-1,-1,-1,-1,-1,-1,-1,-1,-1,-1,-1,-1,-1,-1,-1,-1,2054,-1,-1,-1,-1,-1,-1,-1,-1,-1,-1,-1,-1,-1,-1,-1,-1,-1,-1,-1,-1,-1,-1,-1,-1,-1,-1,-1,-1,-1,2054,-1,-1,-1,-1,-1,-1,-1,-1,-1,-1,-1,-1,-1,-1,-1,2054,-1,-1,2054,-1,-1,-1,-1,-1,-1,-1,-1,-1,-1,-1,-1,-1,-1,-1,-1,-1,2054
2054,-1,-1,2054,-1,-1,-1,-1,-1,-1,-1,-1,-1,-1,-1,-1,-1,-1,-1,-1,-1,-1,-1,-1,-1,-1,-1,-1,-1,-1,-1,-1,2054,-1,2054,-1,-1,-1,-1,-1,-1,-1,-1,-1,-1,-1,-1,-1,-1,-1,-1,-1,-1,-1,-1,-1,-1,-1,-1,-1,-1,-1,2054,-1,-1,-1,-1,-1,-1,-1,-1,-1,-1,-1,-1,-1,-1,-1,2054,-1,-1,2054,-1,-1,-1,-1,-1,-1,-1,-1,-1,-1,-1,-1,-1,-1,-1,-1,-1,2054
2054,-1,-1,2054,-1,-1,-1,-1,-1,-1,-1,-1,-1,-1,-1,-1,-1,-1,-1,-1,-1,-1,-1,-1,-1,-1,-1,-1,-1,-1,2054,2054,2054,-1,-1,-1,-1,-1,-1,-1,-1,-1,-1,-1,-1,-1,-1,-1,-1,-1,-1,-1,-1,-1,-1,-1,-1,-1,-1,-1,-1,-1,2054,-1,-1,-1,-1,-1,-1,-1,-1,-1,-1,-1,-1,-1,-1,-1,-1,-1,-1,2054,2054,2054,-1,-1,-1,-1,-1,-1,-1,-1,-1,-1,-1,-1,-1,-1,-1,2054
2054,-1,-1,2054,-1,-1,-1,-1,-1,-1,-1,-1,-1,-1,-1,-1,-1,-1,-1,-1,-1,-1,-1,-1,-1,-1,-1,-1,-1,-1,2054,-1,2054,-1,-1,-1,-1,-1,-1,-1,-1,-1,-1,-1,-1,-1,-1,-1,-1,-1,-1,-1,-1,-1,-1,-1,-1,-1,-1,-1,-1,-1,2054,-1,-1,-1,-1,-1,-1,-1,-1,-1,-1,-1,-1,-1,-1,-1,-1,-1,-1,2054,2054,2054,-1,-1,-1,-1,-1,-1,-1,-1,-1,-1,-1,-1,-1,-1,-1,2054
2054,-1,-1,2054,-1,-1,-1,-1,-1,-1,-1,-1,-1,-1,-1,-1,-1,-1,-1,-1,-1,-1,-1,-1,-1,-1,-1,-1,-1,-1,2054,-1,2054,-1,-1,-1,-1,-1,-1,-1,-1,-1,-1,-1,-1,-1,-1,-1,-1,-1,-1,-1,-1,-1,-1,-1,-1,-1,-1,-1,-1,-1,2054,-1,-1,-1,-1,-1,-1,-1,-1,-1,-1,-1,-1,-1,-1,-1,-1,-1,-1,2054,2054,2054,-1,-1,-1,-1,-1,-1,-1,-1,-1,-1,-1,-1,-1,-1,-1,2054
2054,-1,-1,2054,-1,-1,-1,-1,-1,2054,2054,2054,-1,-1,-1,-1,-1,-1,-1,-1,-1,-1,-1,-1,2054,-1,-1,-1,-1,-1,2054,-1,-1,-1,-1,-1,-1,-1,-1,-1,-1,-1,-1,-1,-1,-1,-1,-1,-1,-1,-1,-1,-1,-1,-1,-1,-1,-1,-1,-1,-1,-1,2054,-1,-1,-1,-1,-1,-1,-1,-1,-1,-1,-1,-1,-1,-1,-1,-1,-1,-1,2054,2054,2054,-1,-1,-1,-1,-1,-1,-1,-1,-1,-1,-1,-1,-1,-1,-1,2054
2054,-1,-1,2054,-1,-1,-1,-1,-1,2054,2054,2054,-1,-1,-1,-1,-1,-1,-1,-1,-1,-1,-1,-1,-1,-1,-1,-1,-1,-1,2054,-1,-1,-1,-1,-1,-1,-1,-1,-1,-1,-1,-1,-1,-1,-1,-1,-1,-1,-1,-1,-1,-1,-1,-1,-1,-1,-1,-1,-1,-1,-1,2054,-1,-1,-1,-1,-1,-1,-1,-1,-1,-1,-1,-1,-1,-1,-1,-1,-1,-1,2054,2054,2054,-1,-1,-1,-1,-1,-1,-1,-1,-1,-1,-1,-1,-1,-1,-1,2054
2054,-1,-1,2054,-1,-1,-1,-1,-1,2054,2054,2054,-1,-1,-1,-1,-1,-1,-1,-1,-1,-1,-1,-1,-1,-1,-1,-1,-1,-1,2054,-1,-1,-1,-1,-1,-1,-1,-1,-1,-1,-1,-1,-1,-1,-1,-1,-1,-1,-1,-1,-1,-1,-1,-1,-1,-1,-1,-1,-1,-1,-1,2054,-1,-1,-1,-1,-1,-1,-1,-1,-1,-1,-1,-1,-1,-1,-1,-1,-1,2054,2054,2054,2054,-1,-1,-1,-1,-1,-1,-1,-1,-1,-1,-1,-1,-1,-1,-1,2054
2054,-1,-1,2054,-1,-1,-1,-1,-1,-1,-1,-1,-1,-1,-1,-1,-1,-1,-1,-1,-1,-1,-1,2054,2054,2054,2054,2054,2054,2054,2054,-1,-1,-1,-1,-1,-1,-1,-1,-1,-1,-1,-1,-1,-1,-1,-1,-1,-1,-1,-1,-1,-1,-1,-1,-1,-1,-1,-1,-1,-1,2054,2054,-1,-1,-1,-1,-1,-1,-1,-1,-1,-1,-1,-1,-1,-1,-1,-1,-1,2054,2054,2054,2054,-1,-1,-1,-1,-1,-1,-1,-1,-1,-1,-1,-1,-1,-1,-1,2054
2054,-1,-1,2054,-1,-1,-1,-1,-1,-1,-1,-1,-1,-1,2054,-1,-1,-1,-1,2054,-1,-1,-1,2054,2054,2054,2054,2054,2054,2054,2054,-1,-1,-1,-1,-1,-1,-1,-1,-1,-1,-1,-1,-1,-1,-1,-1,-1,-1,-1,-1,-1,-1,-1,-1,-1,-1,-1,-1,-1,-1,2054,-1,-1,-1,-1,-1,-1,-1,-1,-1,-1,-1,-1,-1,-1,-1,-1,-1,-1,-1,2054,2054,2054,-1,-1,-1,-1,-1,-1,-1,-1,-1,-1,-1,-1,-1,-1,-1,2054
2054,-1,-1,2054,-1,-1,-1,-1,-1,-1,-1,-1,-1,-1,2054,-1,-1,-1,-1,2054,-1,-1,-1,-1,-1,-1,-1,-1,-1,-1,2054,-1,-1,-1,-1,-1,-1,-1,-1,-1,-1,-1,-1,-1,-1,-1,-1,-1,-1,-1,-1,-1,-1,-1,-1,-1,-1,-1,-1,2054,2054,2054,-1,-1,-1,-1,-1,-1,-1,-1,-1,-1,-1,-1,-1,-1,-1,-1,-1,-1,-1,-1,-1,2054,2054,2054,2054,2054,2054,2054,2054,-1,-1,-1,-1,-1,-1,-1,-1,2054
2054,-1,-1,2054,-1,-1,-1,-1,-1,-1,-1,-1,-1,-1,2054,-1,-1,-1,-1,2054,-1,-1,-1,-1,-1,-1,-1,-1,-1,-1,2054,-1,-1,-1,-1,-1,-1,-1,-1,-1,-1,-1,-1,-1,-1,-1,-1,-1,-1,-1,-1,-1,-1,-1,-1,-1,-1,2054,-1,2054,-1,-1,-1,-1,-1,-1,-1,-1,-1,-1,-1,-1,-1,-1,-1,-1,-1,-1,-1,-1,-1,-1,-1,2054,2054,2054,2054,2054,2054,2054,2054,-1,-1,-1,-1,-1,-1,-1,-1,2054
2054,-1,-1,2054,2054,2054,2054,2054,2054,2054,2054,2054,2054,2054,2054,-1,-1,-1,-1,2054,2054,2054,2054,2054,2054,2054,2054,2054,2054,2054,2054,-1,-1,-1,-1,-1,-1,-1,-1,-1,-1,-1,-1,-1,-1,-1,-1,-1,-1,-1,-1,-1,-1,-1,-1,2054,2054,2054,2054,2054,-1,-1,-1,-1,-1,-1,-1,-1,-1,-1,-1,-1,-1,-1,-1,-1,-1,-1,-1,-1,-1,-1,-1,2054,2054,2054,2054,2054,2054,2054,2054,-1,-1,-1,-1,-1,-1,-1,-1,2054
2054,-1,-1,2054,2054,2054,2054,2054,2054,2054,2054,2054,2054,2054,2054,-1,-1,-1,-1,2054,2054,2054,2054,2054,2054,2054,2054,2054,2054,2054,2054,-1,-1,-1,-1,-1,-1,-1,-1,-1,-1,-1,-1,-1,-1,-1,-1,-1,-1,-1,-1,-1,-1,-1,-1,2054,-1,-1,-1,-1,-1,-1,-1,-1,-1,-1,-1,-1,-1,-1,-1,-1,-1,-1,-1,-1,-1,-1,-1,-1,-1,-1,-1,2054,2054,2054,2054,2054,2054,2054,2054,-1,-1,-1,-1,-1,-1,-1,-1,2054
2054,-1,-1,2054,-1,-1,-1,-1,-1,-1,-1,-1,-1,-1,-1,-1,-1,-1,-1,-1,-1,-1,-1,-1,-1,-1,-1,-1,-1,-1,-1,-1,-1,-1,-1,-1,-1,-1,-1,-1,-1,-1,-1,-1,-1,-1,-1,-1,-1,-1,-1,-1,-1,-1,-1,2054,-1,-1,-1,-1,-1,-1,-1,-1,-1,-1,-1,-1,-1,-1,-1,-1,-1,-1,-1,-1,-1,-1,-1,-1,-1,-1,-1,2054,2054,2054,2054,2054,2054,2054,2054,2054,2054,2054,2054,2054,-1,-1,-1,2054
2054,-1,-1,2054,-1,-1,-1,-1,-1,-1,-1,-1,-1,-1,-1,-1,-1,-1,-1,-1,-1,-1,-1,-1,-1,-1,-1,-1,-1,-1,-1,-1,-1,-1,-1,-1,-1,-1,-1,-1,-1,-1,-1,-1,-1,-1,-1,-1,-1,-1,-1,-1,-1,-1,-1,2054,-1,-1,-1,-1,-1,-1,-1,-1,-1,-1,-1,-1,-1,-1,-1,-1,-1,-1,-1,-1,-1,-1,-1,-1,-1,-1,-1,2054,2054,2054,2054,2054,2054,2054,2054,2054,2054,2054,2054,2054,-1,-1,-1,2054
2054,-1,-1,2054,-1,-1,-1,-1,-1,-1,-1,-1,-1,-1,-1,-1,-1,-1,-1,-1,-1,-1,-1,-1,-1,-1,-1,-1,-1,-1,-1,-1,-1,-1,-1,-1,-1,-1,-1,-1,-1,-1,-1,-1,-1,-1,-1,-1,-1,-1,-1,-1,-1,-1,-1,2054,-1,-1,-1,-1,-1,-1,-1,-1,-1,-1,-1,-1,-1,-1,-1,-1,-1,-1,-1,-1,-1,-1,-1,-1,-1,-1,-1,-1,-1,-1,2054,2054,2054,2054,2054,2054,2054,2054,2054,2054,-1,-1,-1,2054
2054,-1,-1,2054,-1,-1,-1,-1,-1,-1,-1,-1,-1,-1,-1,-1,-1,-1,-1,-1,-1,-1,-1,-1,-1,-1,-1,-1,-1,-1,-1,-1,-1,-1,-1,-1,-1,-1,2054,-1,-1,-1,-1,-1,-1,-1,-1,-1,-1,-1,-1,-1,-1,-1,-1,2054,-1,-1,-1,-1,-1,-1,-1,2054,2054,2054,-1,-1,-1,-1,-1,-1,-1,-1,-1,-1,-1,-1,-1,-1,-1,-1,-1,-1,-1,-1,-1,-1,2054,2054,2054,2054,2054,2054,2054,2054,-1,-1,-1,2054
2054,-1,-1,2054,-1,-1,-1,-1,-1,-1,-1,-1,-1,-1,-1,-1,-1,-1,-1,-1,-1,-1,-1,-1,-1,-1,-1,-1,-1,-1,-1,-1,-1,-1,-1,-1,-1,-1,2054,-1,-1,-1,-1,-1,-1,-1,-1,-1,-1,-1,-1,-1,-1,-1,-1,2054,-1,-1,-1,-1,-1,-1,-1,2054,2054,2054,-1,-1,-1,-1,-1,-1,-1,-1,-1,-1,-1,-1,-1,-1,-1,-1,-1,-1,-1,-1,-1,-1,-1,2054,2054,2054,2054,2054,2054,2054,-1,-1,-1,2054
2054,-1,-1,2054,2054,2054,-1,-1,-1,-1,-1,-1,-1,-1,-1,-1,-1,-1,-1,-1,-1,-1,-1,-1,-1,-1,-1,-1,-1,-1,-1,-1,-1,-1,-1,-1,-1,-1,-1,-1,-1,-1,-1,-1,-1,-1,-1,2054,-1,-1,-1,-1,2054,-1,-1,2054,-1,-1,-1,-1,-1,-1,-1,2054,2054,2054,-1,-1,-1,-1,-1,-1,-1,-1,-1,-1,-1,-1,-1,-1,-1,-1,-1,-1,-1,-1,-1,-1,-1,-1,2054,2054,2054,2054,2054,2054,-1,-1,-1,2054
2054,-1,-1,-1,-1,2054,-1,-1,-1,-1,-1,-1,-1,-1,-1,-1,-1,-1,-1,-1,-1,-1,-1,-1,-1,-1,-1,-1,-1,-1,-1,-1,-1,-1,-1,-1,-1,-1,-1,-1,-1,-1,-1,-1,-1,2054,2054,2054,-1,-1,-1,-1,2054,2054,2054,2054,-1,-1,-1,-1,-1,-1,-1,-1,-1,-1,-1,-1,-1,-1,-1,-1,-1,-1,-1,-1,-1,-1,-1,-1,-1,-1,-1,-1,-1,-1,-1,-1,-1,-1,2054,2054,2054,2054,2054,2054,-1,-1,-1,2054
2054,-1,-1,-1,-1,2054,2054,2054,2054,2054,2054,2054,-1,-1,-1,-1,-1,-1,-1,-1,-1,-1,-1,-1,-1,-1,-1,-1,-1,-1,-1,-1,-1,-1,-1,-1,-1,-1,-1,-1,-1,-1,-1,-1,-1,2054,-1,-1,-1,-1,-1,-1,-1,-1,-1,-1,-1,-1,-1,-1,-1,-1,-1,-1,-1,-1,-1,-1,-1,-1,-1,-1,-1,-1,-1,-1,-1,-1,-1,-1,-1,-1,-1,-1,-1,-1,-1,-1,-1,-1,2054,2054,2054,2054,2054,2054,-1,-1,-1,2054
2054,-1,-1,-1,-1,-1,-1,-1,-1,-1,-1,2054,-1,-1,-1,-1,-1,-1,-1,-1,-1,-1,-1,-1,-1,-1,-1,-1,-1,-1,-1,-1,-1,-1,-1,-1,-1,-1,-1,-1,-1,-1,-1,-1,-1,2054,-1,-1,-1,-1,-1,-1,-1,-1,-1,-1,-1,-1,-1,-1,-1,-1,-1,-1,-1,-1,-1,-1,-1,-1,-1,-1,-1,-1,-1,-1,-1,-1,-1,-1,-1,-1,-1,-1,-1,-1,-1,-1,-1,-1,2054,2054,2054,2054,2054,2054,2054,2054,2054,2054
2054,-1,-1,-1,-1,-1,-1,-1,-1,-1,-1,2054,-1,-1,-1,-1,-1,-1,-1,-1,-1,-1,-1,-1,-1,2054,2054,2054,2054,2054,2054,2054,-1,-1,-1,-1,-1,-1,-1,-1,-1,-1,-1,-1,-1,2054,-1,-1,-1,-1,-1,-1,-1,-1,-1,-1,-1,-1,-1,-1,-1,-1,-1,-1,-1,-1,-1,-1,-1,-1,-1,-1,-1,-1,-1,-1,-1,-1,-1,-1,-1,-1,-1,-1,-1,-1,-1,-1,-1,-1,-1,-1,-1,-1,-1,2054,2054,2054,2054,2054
2054,-1,-1,-1,-1,-1,-1,-1,-1,-1,-1,2054,-1,-1,-1,-1,-1,-1,-1,-1,-1,-1,-1,-1,-1,2054,-1,-1,-1,-1,-1,2054,-1,-1,-1,-1,-1,-1,-1,-1,-1,-1,-1,-1,-1,2054,-1,-1,-1,-1,-1,-1,-1,-1,-1,-1,-1,-1,-1,-1,-1,-1,-1,-1,-1,-1,-1,-1,-1,-1,-1,-1,-1,-1,-1,-1,-1,-1,-1,-1,-1,-1,-1,-1,-1,-1,-1,-1,-1,-1,-1,-1,-1,-1,-1,2054,2054,2054,2054,2054
2054,-1,-1,-1,-1,-1,-1,-1,-1,-1,-1,2054,-1,-1,-1,-1,-1,-1,-1,-1,-1,-1,-1,-1,-1,2054,-1,-1,-1,-1,-1,2054,-1,-1,-1,-1,-1,-1,-1,-1,-1,-1,-1,-1,-1,2054,-1,-1,-1,-1,-1,-1,-1,-1,-1,-1,-1,-1,-1,-1,-1,-1,2054,-1,-1,-1,-1,-1,-1,-1,-1,-1,-1,-1,-1,-1,-1,-1,-1,-1,-1,-1,-1,-1,-1,-1,-1,-1,-1,-1,-1,-1,-1,-1,-1,2054,2054,2054,2054,2054
2054,-1,-1,-1,-1,-1,-1,-1,-1,-1,-1,2054,-1,-1,-1,-1,-1,-1,-1,-1,-1,-1,-1,-1,-1,2054,-1,-1,-1,-1,-1,2054,-1,-1,-1,-1,-1,-1,-1,-1,-1,-1,-1,-1,-1,2054,-1,-1,-1,-1,-1,-1,-1,-1,-1,-1,-1,-1,-1,-1,-1,-1,2054,-1,-1,-1,-1,-1,-1,-1,-1,-1,-1,-1,-1,-1,-1,-1,-1,-1,-1,-1,-1,-1,-1,-1,-1,-1,-1,-1,-1,-1,-1,-1,-1,2054,2054,2054,2054,2054
2054,-1,-1,-1,-1,-1,-1,-1,-1,-1,-1,2054,-1,-1,-1,-1,-1,-1,-1,-1,-1,-1,-1,-1,-1,2054,-1,-1,-1,-1,-1,2054,-1,-1,-1,-1,-1,-1,-1,-1,-1,-1,-1,-1,-1,2054,-1,-1,-1,-1,-1,-1,-1,-1,-1,-1,-1,-1,-1,-1,-1,-1,-1,-1,2054,-1,-1,-1,-1,-1,-1,-1,-1,-1,-1,-1,-1,-1,-1,-1,-1,-1,-1,-1,-1,-1,-1,2054,2054,2054,-1,2054,2054,2054,2054,2054,2054,2054,2054,2054
2054,-1,-1,-1,-1,-1,-1,-1,-1,-1,-1,2054,-1,-1,-1,-1,-1,-1,-1,-1,-1,-1,-1,-1,-1,2054,2054,2054,2054,2054,2054,2054,-1,-1,-1,-1,-1,-1,-1,-1,-1,-1,-1,-1,-1,2054,-1,-1,-1,-1,-1,-1,-1,-1,-1,-1,-1,-1,-1,-1,-1,-1,-1,-1,2054,-1,-1,-1,-1,-1,-1,-1,-1,-1,-1,-1,-1,-1,-1,-1,-1,-1,-1,-1,-1,-1,-1,2054,2054,2054,2054,2054,2054,2054,2054,2054,-1,-1,-1,2054
2054,-1,-1,-1,-1,-1,-1,-1,-1,-1,-1,2054,-1,-1,-1,-1,-1,-1,2054,-1,-1,-1,-1,-1,-1,2054,2054,2054,2054,2054,2054,2054,-1,-1,-1,-1,-1,-1,-1,-1,-1,-1,-1,-1,-1,2054,-1,-1,-1,-1,-1,-1,-1,-1,-1,-1,-1,-1,-1,-1,-1,-1,-1,-1,-1,-1,-1,-1,-1,-1,-1,-1,-1,-1,-1,-1,-1,-1,-1,-1,-1,-1,-1,-1,-1,-1,-1,2054,2054,2054,2054,2054,2054,2054,-1,-1,-1,-1,-1,2054
2054,-1,-1,-1,-1,-1,-1,-1,-1,-1,-1,2054,-1,-1,-1,-1,-1,-1,2054,-1,-1,-1,-1,-1,-1,-1,-1,-1,-1,-1,-1,-1,-1,-1,-1,-1,-1,-1,-1,-1,-1,-1,-1,-1,-1,2054,-1,-1,-1,-1,-1,-1,-1,-1,-1,-1,-1,-1,-1,-1,-1,-1,-1,-1,-1,-1,-1,-1,-1,-1,-1,-1,-1,-1,-1,-1,-1,-1,-1,-1,-1,-1,-1,-1,2054,2054,2054,2054,2054,2054,2054,2054,2054,2054,-1,-1,-1,-1,-1,2054
2054,-1,-1,-1,-1,-1,-1,-1,-1,-1,-1,2054,-1,-1,-1,-1,-1,-1,-1,-1,-1,-1,-1,-1,-1,-1,-1,-1,-1,-1,-1,-1,-1,-1,-1,-1,-1,-1,-1,-1,-1,-1,-1,-1,-1,2054,-1,-1,-1,-1,-1,-1,-1,-1,-1,-1,-1,-1,-1,-1,-1,-1,-1,-1,-1,-1,-1,-1,-1,-1,-1,-1,-1,-1,-1,-1,-1,-1,-1,-1,-1,-1,-1,-1,2054,2054,2054,2054,2054,2054,2054,2054,2054,2054,-1,-1,-1,-1,-1,2054
2054,-1,-1,-1,-1,-1,-1,-1,-1,-1,-1,2054,-1,-1,-1,-1,-1,-1,-1,-1,-1,-1,-1,-1,-1,-1,-1,-1,-1,-1,-1,-1,-1,-1,-1,-1,-1,-1,-1,-1,-1,-1,-1,-1,-1,2054,2054,2054,2054,-1,-1,-1,-1,-1,-1,-1,-1,-1,-1,-1,-1,-1,-1,-1,-1,-1,-1,-1,-1,-1,-1,-1,-1,-1,-1,-1,-1,-1,-1,2054,2054,2054,2054,2054,2054,-1,-1,-1,-1,2054,2054,2054,2054,2054,-1,-1,-1,-1,-1,2054
2054,-1,-1,-1,-1,-1,-1,-1,-1,-1,-1,2054,-1,-1,-1,-1,-1,-1,-1,-1,-1,-1,-1,-1,-1,-1,-1,-1,-1,-1,-1,-1,-1,-1,-1,-1,-1,-1,-1,-1,-1,-1,-1,-1,-1,-1,2054,2054,2054,-1,-1,-1,-1,-1,-1,-1,-1,-1,-1,-1,-1,-1,-1,-1,-1,-1,-1,-1,-1,-1,-1,-1,-1,-1,-1,-1,-1,-1,-1,2054,2054,2054,2054,2054,2054,-1,-1,-1,-1,2054,-1,-1,-1,-1,-1,2054,2054,2054,-1,2054
2054,-1,-1,-1,-1,-1,-1,-1,-1,-1,-1,2054,-1,-1,-1,-1,-1,-1,-1,-1,-1,-1,-1,-1,-1,-1,-1,-1,-1,-1,-1,-1,-1,-1,-1,-1,-1,-1,-1,-1,-1,-1,-1,-1,-1,-1,2054,2054,2054,2054,2054,2054,2054,-1,-1,-1,-1,-1,-1,-1,-1,-1,-1,-1,-1,-1,-1,-1,-1,-1,-1,-1,-1,-1,-1,-1,-1,-1,-1,-1,-1,-1,-1,-1,2054,-1,-1,-1,-1,2054,2054,2054,2054,-1,-1,2054,2054,2054,-1,2054
2054,-1,-1,-1,-1,-1,-1,-1,-1,-1,-1,2054,-1,-1,-1,-1,-1,-1,-1,-1,-1,-1,-1,-1,-1,-1,-1,-1,-1,-1,-1,-1,-1,-1,-1,-1,-1,-1,-1,-1,-1,-1,-1,-1,-1,-1,-1,-1,-1,2054,2054,2054,2054,-1,-1,-1,-1,-1,-1,-1,-1,-1,2054,-1,-1,-1,-1,-1,-1,-1,-1,-1,-1,-1,-1,-1,-1,-1,-1,-1,-1,-1,-1,-1,2054,-1,-1,-1,-1,2054,2054,2054,2054,-1,-1,-1,-1,-1,-1,2054
2054,-1,-1,-1,-1,-1,-1,-1,-1,-1,-1,2054,-1,-1,-1,-1,-1,-1,-1,-1,-1,-1,-1,-1,-1,-1,-1,-1,-1,-1,-1,-1,-1,-1,-1,-1,-1,-1,-1,-1,-1,-1,-1,-1,-1,-1,-1,-1,-1,-1,2054,2054,2054,2054,2054,-1,-1,-1,-1,-1,-1,-1,2054,-1,-1,-1,-1,2054,2054,2054,-1,-1,-1,-1,-1,-1,-1,-1,-1,-1,-1,-1,-1,-1,2054,-1,-1,-1,-1,-1,-1,-1,-1,2054,-1,-1,-1,-1,-1,2054
2054,-1,-1,-1,-1,-1,-1,-1,-1,-1,-1,2054,-1,2054,2054,2054,2054,2054,-1,-1,-1,-1,-1,-1,-1,-1,2054,-1,-1,-1,-1,-1,-1,-1,-1,-1,-1,-1,-1,-1,-1,-1,-1,-1,-1,-1,-1,-1,-1,-1,-1,2054,2054,2054,2054,-1,-1,-1,-1,-1,2054,-1,-1,-1,-1,-1,-1,2054,2054,2054,-1,-1,-1,-1,-1,-1,-1,-1,-1,-1,-1,-1,-1,-1,2054,-1,-1,-1,-1,-1,-1,-1,-1,2054,-1,-1,-1,-1,-1,2054
2054,-1,-1,-1,-1,-1,-1,-1,-1,-1,-1,2054,2054,2054,-1,-1,-1,2054,-1,-1,-1,-1,-1,-1,-1,-1,2054,-1,-1,-1,-1,-1,-1,-1,-1,-1,-1,-1,-1,-1,-1,-1,-1,-1,-1,-1,-1,-1,-1,-1,-1,-1,2054,2054,2054,-1,-1,-1,-1,-1,2054,-1,-1,-1,-1,-1,-1,-1,-1,-1,-1,-1,-1,-1,-1,-1,2054,2054,2054,2054,2054,2054,2054,2054,2054,-1,-1,-1,-1,-1,-1,-1,-1,2054,-1,-1,-1,-1,-1,2054
2054,-1,-1,-1,-1,-1,-1,-1,-1,-1,-1,-1,-1,-1,-1,-1,-1,2054,2054,2054,2054,2054,-1,-1,-1,-1,-1,-1,-1,-1,-1,-1,-1,-1,-1,-1,-1,-1,-1,-1,-1,-1,-1,-1,-1,-1,-1,-1,-1,-1,-1,-1,-1,2054,2054,-1,-1,-1,-1,-1,-1,-1,-1,-1,-1,-1,-1,-1,-1,-1,-1,-1,-1,-1,-1,-1,2054,2054,2054,2054,2054,2054,2054,2054,2054,-1,-1,-1,-1,-1,-1,-1,-1,2054,-1,-1,-1,-1,-1,2054
2054,-1,-1,-1,-1,-1,-1,-1,-1,-1,-1,-1,-1,-1,-1,-1,-1,-1,-1,-1,-1,2054,-1,-1,-1,-1,-1,-1,-1,-1,-1,-1,-1,-1,-1,-1,-1,-1,-1,-1,-1,-1,-1,-1,-1,-1,-1,-1,-1,-1,-1,-1,-1,-1,-1,2054,-1,-1,-1,-1,-1,-1,-1,-1,-1,-1,-1,-1,2054,2054,2054,2054,2054,2054,2054,2054,2054,-1,-1,-1,-1,-1,-1,-1,-1,-1,-1,-1,-1,-1,-1,-1,-1,2054,-1,-1,-1,-1,-1,2054
2054,-1,-1,-1,-1,-1,-1,-1,-1,-1,-1,-1,-1,-1,-1,-1,-1,-1,-1,-1,-1,2054,-1,-1,-1,-1,-1,-1,-1,-1,-1,-1,-1,-1,-1,-1,-1,-1,-1,-1,-1,-1,-1,-1,-1,-1,-1,-1,-1,-1,-1,-1,-1,-1,-1,2054,-1,-1,-1,-1,-1,-1,-1,-1,-1,-1,-1,-1,2054,2054,2054,2054,2054,2054,2054,2054,2054,-1,-1,-1,-1,-1,-1,-1,-1,-1,-1,-1,-1,-1,-1,-1,-1,2054,-1,-1,-1,-1,-1,2054
2054,-1,-1,-1,-1,-1,-1,-1,-1,-1,-1,-1,-1,-1,-1,-1,-1,-1,-1,-1,-1,2054,-1,-1,-1,-1,-1,-1,-1,-1,-1,-1,-1,-1,-1,-1,-1,-1,-1,-1,-1,-1,-1,-1,-1,-1,-1,-1,-1,-1,-1,-1,-1,-1,-1,2054,2054,2054,2054,2054,2054,2054,2054,2054,2054,2054,2054,2054,2054,-1,-1,-1,-1,-1,-1,-1,-1,-1,-1,-1,-1,-1,-1,-1,-1,-1,-1,-1,-1,-1,-1,-1,-1,2054,-1,-1,-1,-1,-1,2054
2054,-1,-1,-1,-1,-1,-1,-1,-1,-1,-1,-1,-1,-1,-1,-1,-1,-1,-1,-1,-1,2054,-1,-1,-1,-1,-1,-1,-1,-1,-1,-1,-1,-1,-1,-1,-1,-1,-1,-1,-1,-1,-1,-1,-1,-1,-1,-1,-1,-1,-1,-1,-1,-1,-1,2054,2054,2054,2054,2054,2054,2054,2054,2054,2054,2054,2054,2054,2054,-1,-1,-1,-1,-1,-1,-1,-1,-1,-1,-1,-1,-1,-1,-1,-1,-1,-1,-1,-1,-1,-1,-1,-1,2054,-1,-1,-1,-1,-1,2054
2054,-1,-1,-1,-1,-1,-1,-1,-1,-1,-1,-1,-1,-1,-1,-1,-1,-1,-1,-1,-1,2054,-1,-1,-1,-1,-1,-1,-1,-1,-1,-1,-1,-1,-1,-1,-1,-1,-1,-1,-1,-1,-1,-1,-1,-1,-1,-1,-1,-1,-1,-1,-1,-1,-1,-1,-1,2054,-1,-1,-1,-1,-1,-1,-1,-1,-1,-1,-1,-1,-1,-1,-1,-1,-1,-1,-1,-1,-1,-1,-1,-1,-1,-1,-1,-1,-1,-1,-1,-1,-1,-1,-1,2054,-1,-1,-1,-1,-1,2054
2054,-1,-1,-1,-1,-1,-1,-1,-1,-1,-1,-1,-1,-1,-1,-1,-1,-1,-1,-1,-1,2054,-1,-1,-1,-1,-1,-1,-1,-1,-1,-1,-1,-1,-1,-1,-1,-1,-1,-1,-1,-1,-1,-1,-1,-1,-1,-1,-1,-1,-1,-1,-1,-1,-1,-1,-1,2054,-1,-1,-1,-1,-1,-1,-1,-1,-1,-1,-1,-1,-1,-1,-1,-1,-1,-1,-1,-1,-1,-1,-1,-1,-1,-1,-1,-1,-1,-1,-1,-1,-1,-1,-1,2054,-1,-1,-1,-1,-1,2054
2054,-1,-1,-1,-1,-1,-1,-1,-1,-1,-1,-1,-1,-1,-1,-1,-1,-1,-1,-1,-1,2054,-1,-1,-1,-1,-1,-1,-1,-1,-1,-1,-1,-1,-1,-1,-1,-1,-1,-1,-1,-1,-1,-1,-1,-1,-1,-1,-1,-1,-1,-1,-1,-1,-1,-1,-1,-1,-1,-1,-1,-1,-1,-1,-1,-1,-1,-1,-1,-1,-1,-1,-1,-1,-1,-1,-1,-1,-1,-1,-1,-1,-1,-1,-1,-1,-1,-1,-1,-1,-1,-1,-1,2054,-1,-1,-1,-1,-1,2054
2054,-1,-1,-1,-1,-1,-1,-1,-1,-1,-1,-1,-1,-1,-1,-1,-1,-1,-1,-1,-1,2054,-1,-1,-1,-1,-1,-1,-1,-1,-1,-1,-1,-1,-1,-1,-1,-1,-1,2054,2054,2054,2054,2054,-1,-1,-1,-1,-1,-1,-1,-1,-1,-1,-1,-1,-1,-1,-1,-1,-1,-1,-1,-1,-1,-1,-1,-1,-1,-1,-1,-1,-1,-1,-1,-1,-1,-1,-1,-1,-1,-1,-1,-1,-1,-1,-1,-1,-1,-1,-1,-1,-1,2054,-1,-1,-1,-1,-1,2054
2054,-1,-1,-1,-1,-1,-1,-1,-1,-1,-1,-1,-1,-1,-1,-1,-1,-1,-1,-1,-1,2054,-1,-1,-1,-1,-1,-1,-1,-1,-1,-1,-1,-1,-1,-1,-1,-1,-1,2054,-1,-1,-1,2054,-1,-1,-1,-1,-1,-1,-1,-1,-1,-1,-1,-1,-1,-1,-1,-1,-1,-1,-1,-1,-1,-1,-1,-1,-1,-1,-1,-1,-1,-1,-1,-1,-1,-1,-1,-1,-1,-1,-1,-1,-1,-1,-1,-1,-1,-1,-1,-1,-1,2054,-1,-1,-1,-1,-1,2054
2054,-1,-1,-1,-1,-1,-1,-1,-1,-1,-1,-1,-1,-1,-1,-1,-1,-1,-1,-1,-1,2054,-1,-1,-1,-1,-1,-1,-1,-1,-1,-1,-1,-1,-1,-1,-1,2054,2054,2054,-1,-1,-1,2054,2054,2054,2054,2054,2054,2054,-1,-1,-1,-1,-1,-1,-1,-1,-1,-1,-1,-1,-1,-1,-1,-1,-1,-1,-1,-1,-1,-1,-1,-1,-1,-1,-1,-1,-1,-1,-1,-1,-1,-1,-1,-1,-1,-1,-1,-1,-1,-1,-1,2054,-1,-1,-1,-1,-1,2054
2054,-1,-1,-1,-1,-1,-1,-1,-1,-1,-1,-1,-1,-1,-1,-1,-1,-1,-1,-1,-1,2054,-1,-1,-1,-1,-1,-1,-1,-1,-1,-1,-1,-1,-1,-1,-1,2054,-1,-1,-1,-1,-1,-1,-1,-1,-1,-1,-1,2054,-1,-1,-1,-1,-1,-1,-1,-1,-1,-1,-1,-1,-1,-1,-1,-1,-1,-1,-1,-1,-1,-1,-1,-1,-1,-1,-1,-1,-1,-1,-1,-1,-1,-1,-1,-1,-1,-1,-1,-1,-1,-1,-1,2054,2054,2054,-1,-1,-1,2054
2054,-1,-1,-1,-1,-1,-1,-1,-1,-1,-1,-1,-1,-1,-1,-1,-1,-1,-1,-1,-1,2054,-1,-1,-1,-1,-1,-1,-1,-1,-1,-1,-1,-1,-1,-1,-1,2054,-1,-1,-1,-1,-1,-1,-1,-1,-1,-1,-1,2054,2054,2054,2054,2054,2054,2054,2054,2054,-1,-1,-1,-1,-1,-1,-1,-1,-1,-1,-1,-1,-1,-1,-1,-1,-1,-1,-1,-1,-1,-1,-1,-1,-1,-1,-1,-1,-1,-1,-1,-1,-1,-1,-1,2054,2054,2054,-1,-1,-1,2054
2054,-1,-1,-1,-1,-1,-1,-1,-1,-1,-1,-1,-1,-1,-1,-1,-1,-1,-1,-1,-1,2054,-1,-1,-1,-1,-1,-1,-1,-1,-1,-1,-1,-1,-1,-1,-1,2054,-1,-1,-1,-1,-1,-1,-1,-1,-1,-1,-1,-1,-1,-1,-1,-1,-1,-1,-1,2054,-1,-1,-1,-1,-1,-1,-1,-1,-1,-1,-1,-1,-1,-1,-1,-1,-1,-1,-1,-1,-1,-1,-1,-1,-1,-1,-1,-1,-1,-1,-1,-1,-1,-1,-1,-1,-1,2054,-1,-1,-1,2054
2054,-1,-1,-1,-1,-1,-1,-1,-1,-1,-1,-1,-1,-1,-1,-1,-1,-1,-1,-1,-1,2054,-1,-1,-1,-1,-1,-1,-1,-1,-1,-1,-1,-1,-1,-1,-1,2054,-1,-1,-1,-1,-1,-1,-1,-1,-1,-1,-1,-1,-1,-1,-1,-1,-1,-1,-1,2054,2054,2054,2054,2054,2054,2054,2054,2054,2054,2054,2054,2054,-1,-1,-1,-1,-1,-1,-1,-1,-1,-1,-1,-1,-1,-1,-1,-1,-1,-1,-1,-1,-1,-1,-1,-1,-1,2054,-1,-1,-1,2054
2054,-1,-1,-1,-1,-1,-1,-1,-1,-1,-1,-1,-1,-1,-1,-1,-1,-1,-1,-1,-1,2054,-1,-1,-1,-1,-1,-1,-1,-1,-1,-1,-1,-1,-1,-1,-1,-1,-1,-1,-1,-1,-1,-1,-1,-1,-1,-1,-1,-1,-1,-1,-1,-1,-1,-1,-1,-1,-1,-1,-1,-1,-1,-1,-1,-1,-1,-1,-1,2054,-1,-1,-1,-1,-1,-1,-1,-1,-1,-1,-1,-1,-1,-1,-1,-1,-1,-1,-1,-1,-1,-1,-1,-1,-1,2054,2054,-1,-1,2054
2054,2054,2054,2054,2054,2054,2054,2054,2054,2054,2054,2054,2054,2054,2054,2054,2054,2054,2054,2054,2054,2054,2054,2054,2054,2054,2054,2054,2054,2054,2054,2054,2054,2054,2054,2054,2054,2054,2054,2054,2054,2054,2054,2054,2054,2054,2054,2054,2054,2054,2054,2054,2054,2054,2054,2054,2054,2054,2054,2054,2054,2054,2054,2054,2054,2054,2054,2054,2054,2054,2054,2054,2054,2054,2054,2054,2054,2054,2054,2054,2054,2054,2054,2054,2054,2054,2054,2054,2054,2054,2054,2054,2054,2054,2054,2054,2054,2054,2054,2054
